GO:0005575	1.00000000
GO:0110165	0.80951384
GO:0016020	0.18296644
GO:0032991	0.17864984
GO:0043226	0.15981742
GO:0005737	0.15647465
GO:0043229	0.15137322
GO:0005829	0.11740865
GO:0043227	0.11714744
GO:0043231	0.11016698
GO:0005886	0.08474050
GO:1990904	0.07301492
GO:0031090	0.05319062
GO:1902494	0.05249606
GO:0044391	0.04785446
GO:0005634	0.04758483
GO:0043228	0.04147226
GO:0043232	0.04117253
GO:0005576	0.03347706
GO:0098588	0.02762330
GO:0015934	0.02751496
GO:0140535	0.02675781
GO:0098796	0.02586223
GO:0022625	0.02302142
GO:0015935	0.02032867
GO:0018995	0.01945355
GO:0033643	0.01826787
GO:0140513	0.01770693
GO:0031982	0.01744332
GO:1990234	0.01705932
GO:0042995	0.01481316
GO:0005840	0.01411138
GO:0005739	0.01400064
GO:0030054	0.01367563
GO:0097708	0.01334942
GO:0031410	0.01328923
GO:0120025	0.01325191
GO:0019867	0.01262356
GO:0031966	0.01248995
GO:0098590	0.01248393
GO:0009536	0.01185678
GO:0044423	0.01183632
GO:0005615	0.01166298
GO:0033646	0.01137529
GO:0034357	0.01094315
GO:0042651	0.01087213
GO:0005654	0.01053388
GO:0022627	0.01045684
GO:0009507	0.00998257
GO:1990351	0.00981044
GO:0031968	0.00979238
GO:0019866	0.00974062
GO:0005789	0.00968404
GO:1902495	0.00958654
GO:0099080	0.00956849
GO:1990204	0.00913153
GO:0042170	0.00901958
GO:0005743	0.00899310
GO:0061695	0.00883421
GO:0012506	0.00842855
GO:0030659	0.00819021
GO:0055035	0.00799520
GO:0005783	0.00790974
GO:0009535	0.00789168
GO:0043005	0.00775927
GO:0045202	0.00757390
GO:0031974	0.00731269
GO:0043233	0.00731148
GO:0070013	0.00730065
GO:0098797	0.00659887
GO:0005730	0.00643878
GO:0033647	0.00599099
GO:0005794	0.00588867
GO:0033644	0.00588024
GO:0030880	0.00583811
GO:0099512	0.00582126
GO:0099081	0.00582126
GO:0000428	0.00580682
GO:0033648	0.00577431
GO:0005856	0.00562024
GO:0070161	0.00560820
GO:0005768	0.00554440
GO:0030312	0.00553959
GO:0099513	0.00517365
GO:0098803	0.00500513
GO:1905348	0.00497985
GO:0000139	0.00483420
GO:0005773	0.00482938
GO:0005815	0.00479929
GO:0098552	0.00468975
GO:0042025	0.00459225
GO:0000785	0.00447548
GO:0042597	0.00433946
GO:0009986	0.00432863
GO:0010008	0.00409872
GO:0005774	0.00404696
GO:0005911	0.00398556
GO:0005667	0.00385195
GO:0005874	0.00383269
GO:1905347	0.00374482
GO:0016604	0.00373037
GO:0070069	0.00370630
GO:0032993	0.00364009
GO:0048471	0.00361722
GO:0005681	0.00355463
GO:0030430	0.00346435
GO:0043230	0.00345833
GO:0065010	0.00344268
GO:1903561	0.00339092
GO:0009295	0.00328981
GO:0031012	0.00313212
GO:0070062	0.00311888
GO:0005694	0.00309841
GO:0009521	0.00304063
GO:0005813	0.00303221
GO:0005759	0.00298045
GO:1905368	0.00290582
GO:0097060	0.00286248
GO:0099503	0.00282637
GO:0055036	0.00282396
GO:0005929	0.00281192
GO:0042717	0.00280109
GO:0030964	0.00279146
GO:0098798	0.00276498
GO:0009279	0.00273007
GO:0031676	0.00273007
GO:0030425	0.00270118
GO:0000323	0.00268553
GO:0035770	0.00261692
GO:1905369	0.00260970
GO:0033655	0.00260729
GO:0020002	0.00259164
GO:0098978	0.00249655
GO:0036464	0.00249293
GO:0019028	0.00246766
GO:0030684	0.00245321
GO:0048476	0.00243034
GO:0034702	0.00242793
GO:0043235	0.00242673
GO:0098852	0.00239784
GO:0044297	0.00235210
GO:0030424	0.00233645
GO:0000151	0.00233524
GO:0000502	0.00231237
GO:0098533	0.00230997
GO:0005618	0.00222089
GO:0045275	0.00217033
GO:0042579	0.00215107
GO:0031967	0.00214505
GO:0016324	0.00213542
GO:0031984	0.00212459
GO:0030427	0.00208607
GO:0005764	0.00205116
GO:0090575	0.00204876
GO:0031965	0.00201866
GO:0036338	0.00199579
GO:0043025	0.00196931
GO:0019031	0.00196449
GO:0031253	0.00194885
GO:0005938	0.00193801
GO:0098793	0.00192959
GO:0009897	0.00190792
GO:0098857	0.00189468
GO:0016607	0.00188866
GO:0045121	0.00187903
GO:0098791	0.00184412
GO:0043190	0.00182727
GO:0031597	0.00182486
GO:0030288	0.00182366
GO:0009376	0.00180199
GO:0070993	0.00178875
GO:0098687	0.00178273
GO:0140534	0.00178153
GO:0005819	0.00176227
GO:0005765	0.00175986
GO:0043590	0.00175264
GO:0009523	0.00170690
GO:0098794	0.00168523
GO:0030141	0.00166717
GO:0000786	0.00164310
GO:0032153	0.00163467
GO:0120114	0.00162263
GO:0005741	0.00160939
GO:0005769	0.00155161
GO:1904949	0.00154439
GO:0034708	0.00154078
GO:0009539	0.00153356
GO:0005777	0.00152874
GO:1902911	0.00152032
GO:0032994	0.00151189
GO:1990777	0.00149504
GO:0101031	0.00149383
GO:0034358	0.00149143
GO:0034703	0.00146615
GO:0030133	0.00145411
GO:0005635	0.00144569
GO:1990391	0.00144328
GO:0045271	0.00143004
GO:0005960	0.00141078
GO:0031514	0.00140596
GO:0031461	0.00140355
GO:0009532	0.00137346
GO:1902554	0.00136383
GO:0016323	0.00133855
GO:0009570	0.00133374
GO:0009522	0.00133374
GO:0062023	0.00133133
GO:0030055	0.00129401
GO:0009380	0.00128920
GO:0005684	0.00128198
GO:0030532	0.00126633
GO:0098802	0.00125911
GO:0031970	0.00124466
GO:1902555	0.00122781
GO:0005852	0.00122179
GO:0005875	0.00121216
GO:1902493	0.00121096
GO:0005925	0.00120855
GO:0009317	0.00120735
GO:0072562	0.00120373
GO:1990220	0.00120253
GO:0016465	0.00120253
GO:0031248	0.00120012
GO:0005802	0.00118809
GO:0030658	0.00118447
GO:0005770	0.00117966
GO:0030139	0.00117846
GO:0005758	0.00117364
GO:0097525	0.00117364
GO:0099572	0.00115559
GO:0098562	0.00115438
GO:0009274	0.00113753
GO:0005788	0.00113271
GO:0070603	0.00112910
GO:0033202	0.00111225
GO:0000123	0.00110382
GO:0014069	0.00110142
GO:0000015	0.00110021
GO:0000776	0.00109901
GO:0015629	0.00108336
GO:0019898	0.00107493
GO:0043657	0.00106169
GO:0000922	0.00105808
GO:0000781	0.00105327
GO:0005833	0.00104484
GO:0019013	0.00104003
GO:0045211	0.00102799
GO:0009318	0.00102799
GO:0031902	0.00101836
GO:0031522	0.00101595
GO:0045239	0.00098104
GO:0019030	0.00097984
GO:0070382	0.00097623
GO:0032299	0.00097382
GO:0031901	0.00097021
GO:0099568	0.00096540
GO:0031838	0.00096058
GO:0098858	0.00095577
GO:0032040	0.00095456
GO:0043204	0.00094373
GO:0005811	0.00094252
GO:0031256	0.00094132
GO:0009368	0.00091725
GO:0000932	0.00091123
GO:0071013	0.00090882
GO:0030667	0.00090280
GO:0030956	0.00090039
GO:0030027	0.00089437
GO:0016282	0.00089437
GO:0033290	0.00089437
GO:0030677	0.00088836
GO:0030135	0.00087271
GO:0031969	0.00087030
GO:0012505	0.00086549
GO:0016592	0.00085826
GO:0009506	0.00084743
GO:0009379	0.00084382
GO:0010494	0.00083780
GO:0005882	0.00083298
GO:0030496	0.00083298
GO:0030426	0.00083178
GO:0060187	0.00082937
GO:0008021	0.00082576
GO:0036064	0.00082576
GO:0045277	0.00082576
GO:0048046	0.00081854
GO:0000307	0.00081252
GO:0043527	0.00080409
GO:0000118	0.00079808
GO:0051286	0.00078724
GO:0005912	0.00078724
GO:0009898	0.00078483
GO:0044309	0.00076919
GO:0005814	0.00076558
GO:0000315	0.00075956
GO:0033281	0.00075354
GO:0005762	0.00075233
GO:0009349	0.00074752
GO:0046930	0.00074511
GO:0045335	0.00074391
GO:0099023	0.00073187
GO:0030687	0.00072946
GO:0042709	0.00072946
GO:0043197	0.00072585
GO:0000325	0.00072224
GO:0005881	0.00071743
GO:0090734	0.00071622
GO:0015630	0.00071381
GO:0071944	0.00071381
GO:0070160	0.00071141
GO:0044167	0.00070900
GO:0055037	0.00070900
GO:0097729	0.00070418
GO:0072686	0.00069335
GO:0016469	0.00068372
GO:0000322	0.00068011
GO:0030672	0.00067530
GO:0099501	0.00067530
GO:0042734	0.00066807
GO:0099634	0.00066567
GO:0016459	0.00065002
GO:0005839	0.00065002
GO:0030117	0.00064881
GO:0000792	0.00064761
GO:0055029	0.00064761
GO:0000329	0.00063798
GO:0044853	0.00063437
GO:0030662	0.00063196
GO:0098800	0.00063076
GO:0022626	0.00062594
GO:0042383	0.00062474
GO:0031983	0.00062353
GO:0030666	0.00062233
GO:0030428	0.00062233
GO:0009526	0.00062233
GO:0000775	0.00061992
GO:0032300	0.00061992
GO:0005778	0.00061631
GO:0031903	0.00061631
GO:0000324	0.00061511
GO:0009941	0.00061390
GO:0060205	0.00061150
GO:0005643	0.00061029
GO:0048770	0.00060909
GO:0042470	0.00060789
GO:1905354	0.00060789
GO:0005876	0.00060668
GO:0034045	0.00060427
GO:0009512	0.00060427
GO:0030018	0.00059946
GO:0044217	0.00059464
GO:0019029	0.00059224
GO:0005816	0.00058381
GO:0044218	0.00058020
GO:0009277	0.00057659
GO:0035861	0.00057418
GO:0016363	0.00056937
GO:0035097	0.00056696
GO:0019814	0.00056214
GO:0005930	0.00055853
GO:0000314	0.00055853
GO:0055038	0.00055613
GO:0005763	0.00055492
GO:0036126	0.00055251
GO:0034385	0.00055251
GO:0044306	0.00055131
GO:0009316	0.00054770
GO:0009579	0.00054650
GO:1990077	0.00054529
GO:1903293	0.00054288
GO:0005923	0.00054168
GO:0030120	0.00053807
GO:0008023	0.00053687
GO:0005776	0.00053446
GO:0098799	0.00053325
GO:0008287	0.00053205
GO:0032580	0.00053205
GO:0044177	0.00053085
GO:0044178	0.00052844
GO:0030136	0.00052603
GO:0005775	0.00052242
GO:0001669	0.00052001
GO:0030076	0.00052001
GO:0034774	0.00051761
GO:0034364	0.00051761
GO:0005732	0.00051159
GO:0098839	0.00050798
GO:0005581	0.00050677
GO:0032838	0.00050557
GO:0030686	0.00050436
GO:0034705	0.00050316
GO:0098982	0.00049835
GO:0044094	0.00049353
GO:0016605	0.00049233
GO:0090533	0.00048270
GO:0019897	0.00048149
GO:0031594	0.00047788
GO:0030863	0.00047668
GO:0120111	0.00047548
GO:0005884	0.00047307
GO:0033178	0.00046825
GO:0000407	0.00046705
GO:0000178	0.00046585
GO:0043679	0.00046464
GO:0000228	0.00046344
GO:0031469	0.00046103
GO:0099738	0.00045983
GO:0071011	0.00045742
GO:0098685	0.00045622
GO:0019005	0.00045140
GO:0031985	0.00045020
GO:0017053	0.00044899
GO:0070461	0.00044899
GO:0097346	0.00044779
GO:0030175	0.00044659
GO:0005901	0.00044538
GO:0001726	0.00044538
GO:0001750	0.00044418
GO:0005793	0.00044177
GO:1902562	0.00044057
GO:0045177	0.00043936
GO:0031201	0.00043816
GO:0000793	0.00043455
GO:0044232	0.00043214
GO:0009328	0.00043094
GO:0009505	0.00042853
GO:0005604	0.00042492
GO:0032432	0.00042251
GO:0060170	0.00042010
GO:0034707	0.00041770
GO:0042151	0.00041288
GO:0030286	0.00040927
GO:0032587	0.00040686
GO:0000421	0.00040566
GO:0030670	0.00040205
GO:1905360	0.00040205
GO:0019033	0.00039844
GO:0043195	0.00039603
GO:0032589	0.00039603
GO:0034361	0.00039482
GO:0008076	0.00039362
GO:0061645	0.00039242
GO:0044196	0.00039001
GO:0034451	0.00039001
GO:0017101	0.00039001
GO:0005935	0.00038881
GO:0042641	0.00038881
GO:0030479	0.00038760
GO:0070847	0.00038158
GO:0005945	0.00038038
GO:0042575	0.00037677
GO:0009528	0.00037316
GO:0045240	0.00037316
GO:0035792	0.00037075
GO:0043073	0.00037075
GO:0005834	0.00037075
GO:0000152	0.00036955
GO:0009289	0.00036955
GO:0031519	0.00036834
GO:0009706	0.00036714
GO:0001650	0.00036714
GO:1990228	0.00036714
GO:0034704	0.00036714
GO:0005622	0.00036714
GO:0009425	0.00036594
GO:0019774	0.00036473
GO:0043189	0.00036232
GO:0005849	0.00036232
GO:0035267	0.00035992
GO:0071541	0.00035992
GO:0043186	0.00035510
GO:0030089	0.00035029
GO:0044220	0.00035029
GO:0032588	0.00034908
GO:0001725	0.00034908
GO:0097517	0.00034908
GO:0033116	0.00034788
GO:0043209	0.00034668
GO:0055052	0.00034668
GO:0005771	0.00034547
GO:0005657	0.00034547
GO:0098984	0.00034306
GO:0097526	0.00034306
GO:0031312	0.00034186
GO:0098636	0.00034186
GO:0005782	0.00033945
GO:0031907	0.00033945
GO:0043292	0.00033945
GO:1904115	0.00033945
GO:0033176	0.00033945
GO:0045259	0.00033825
GO:0035550	0.00033584
GO:0005905	0.00033343
GO:0000791	0.00033223
GO:0016234	0.00033103
GO:0032154	0.00032982
GO:0005637	0.00032862
GO:0005902	0.00032862
GO:0034399	0.00032742
GO:0032156	0.00032501
GO:0016328	0.00032260
GO:0080008	0.00032260
GO:0044291	0.00031658
GO:0030119	0.00031658
GO:0031252	0.00031538
GO:0044175	0.00031538
GO:1990229	0.00031417
GO:0030665	0.00031297
GO:0070971	0.00031056
GO:0060076	0.00030936
GO:0043332	0.00030816
GO:0044174	0.00030816
GO:0098862	0.00030816
GO:0033650	0.00030816
GO:0051233	0.00030575
GO:0140047	0.00030454
GO:0001917	0.00030454
GO:1903600	0.00030454
GO:0035869	0.00030214
GO:0031977	0.00030214
GO:0009925	0.00029973
GO:0046540	0.00029853
GO:0036452	0.00029251
GO:0032865	0.00029251
GO:0030864	0.00028890
GO:0031261	0.00028769
GO:0031976	0.00028769
GO:0009534	0.00028769
GO:0019773	0.00028769
GO:0045171	0.00028529
GO:0099522	0.00028529
GO:0042645	0.00028408
GO:0044732	0.00028047
GO:0098827	0.00028047
GO:0030127	0.00027927
GO:0019908	0.00027806
GO:0042611	0.00027686
GO:0005801	0.00027686
GO:0045095	0.00027686
GO:0016460	0.00027445
GO:0005798	0.00027325
GO:0031526	0.00027204
GO:0005940	0.00027204
GO:0030016	0.00027084
GO:0005871	0.00026603
GO:0005903	0.00026603
GO:0039624	0.00026603
GO:0042101	0.00026482
GO:0071014	0.00026362
GO:0071540	0.00026241
GO:0030134	0.00026121
GO:0015030	0.00026121
GO:0097730	0.00026121
GO:0012507	0.00026001
GO:0097225	0.00026001
GO:0032045	0.00026001
GO:0005942	0.00025880
GO:0008180	0.00025880
GO:0042627	0.00025880
GO:0000794	0.00025760
GO:0071782	0.00025640
GO:0000124	0.00025519
GO:0048500	0.00025399
GO:0005669	0.00025278
GO:0002189	0.00024797
GO:0071010	0.00024677
GO:0000974	0.00024677
GO:0030688	0.00024677
GO:0043202	0.00024556
GO:0071004	0.00024556
GO:0031470	0.00024436
GO:0008305	0.00024436
GO:0071007	0.00024315
GO:0005791	0.00024315
GO:0005951	0.00024315
GO:0044172	0.00024195
GO:0001673	0.00023954
GO:0000812	0.00023954
GO:0043529	0.00023954
GO:0045252	0.00023593
GO:0009337	0.00023593
GO:0098878	0.00023473
GO:0030008	0.00023352
GO:0009428	0.00023352
GO:0016528	0.00023232
GO:1902560	0.00023232
GO:0033017	0.00023112
GO:0070545	0.00023112
GO:0005891	0.00022991
GO:0071005	0.00022991
GO:0005847	0.00022991
GO:0030315	0.00022751
GO:0014704	0.00022630
GO:0005685	0.00022630
GO:0030017	0.00022389
GO:0008328	0.00022389
GO:0044156	0.00022389
GO:0033177	0.00022269
GO:0033179	0.00022149
GO:0005686	0.00022149
GO:0044165	0.00022028
GO:0032806	0.00022028
GO:0044231	0.00021908
GO:0034518	0.00021908
GO:0016272	0.00021908
GO:0016529	0.00021788
GO:0009427	0.00021788
GO:0005879	0.00021667
GO:0044163	0.00021547
GO:0005934	0.00021426
GO:0009288	0.00021426
GO:0033180	0.00021426
GO:0032590	0.00021306
GO:1905286	0.00021306
GO:0005796	0.00021186
GO:0030131	0.00021186
GO:0005742	0.00020945
GO:0009347	0.00020945
GO:0031011	0.00020825
GO:0031463	0.00020825
GO:0048786	0.00020704
GO:1905370	0.00020704
GO:0005795	0.00020584
GO:0031314	0.00020102
GO:0097361	0.00019982
GO:0032585	0.00019862
GO:0005721	0.00019862
GO:0098686	0.00019380
GO:0009705	0.00019380
GO:0048787	0.00019380
GO:0009276	0.00019380
GO:0098576	0.00019260
GO:0005680	0.00019260
GO:0000930	0.00019139
GO:0005666	0.00019139
GO:0005665	0.00018899
GO:0044219	0.00018899
GO:0043198	0.00018778
GO:0097431	0.00018658
GO:0000159	0.00018417
GO:0042612	0.00018297
GO:0070938	0.00018297
GO:0098554	0.00018297
GO:0001533	0.00018176
GO:0043596	0.00018176
GO:0001891	0.00018056
GO:0031045	0.00017936
GO:0031978	0.00017936
GO:1990230	0.00017936
GO:0000408	0.00017815
GO:0009543	0.00017815
GO:0032982	0.00017695
GO:0030118	0.00017695
GO:0097546	0.00017695
GO:0072494	0.00017695
GO:0044184	0.00017695
GO:0070822	0.00017334
GO:0009538	0.00017334
GO:0009330	0.00017213
GO:0008540	0.00017213
GO:0008250	0.00017213
GO:0097386	0.00017093
GO:0032420	0.00017093
GO:0002102	0.00016973
GO:0034706	0.00016973
GO:0170049	0.00016973
GO:0031428	0.00016973
GO:0005628	0.00016852
GO:0044191	0.00016852
GO:1990752	0.00016612
GO:0044164	0.00016612
GO:0097550	0.00016491
GO:0061702	0.00016491
GO:0045111	0.00016491
GO:0001772	0.00016491
GO:0015627	0.00016491
GO:0039619	0.00016491
GO:0009654	0.00016491
GO:0097381	0.00016250
GO:0039617	0.00016250
GO:0044162	0.00016130
GO:0005640	0.00016130
GO:0034362	0.00016130
GO:0005787	0.00016130
GO:0000145	0.00016010
GO:0031143	0.00015889
GO:0000164	0.00015889
GO:0036125	0.00015769
GO:0034363	0.00015769
GO:0099523	0.00015649
GO:0016342	0.00015649
GO:0044665	0.00015649
GO:0031082	0.00015649
GO:0031298	0.00015649
GO:0044298	0.00015528
GO:0039615	0.00015528
GO:0000177	0.00015408
GO:0005826	0.00015287
GO:0032541	0.00015287
GO:0005744	0.00015287
GO:0030126	0.00015167
GO:0005868	0.00015167
GO:0016514	0.00015047
GO:0044295	0.00015047
GO:0000131	0.00015047
GO:0005736	0.00015047
GO:1904813	0.00014926
GO:0044233	0.00014926
GO:1990316	0.00014806
GO:0042763	0.00014806
GO:0042555	0.00014806
GO:0039620	0.00014686
GO:0005697	0.00014565
GO:0071006	0.00014565
GO:0071012	0.00014565
GO:0031528	0.00014445
GO:0031501	0.00014445
GO:0005682	0.00014324
GO:0005832	0.00014324
GO:0000221	0.00014324
GO:0090443	0.00014204
GO:0005921	0.00014204
GO:0000109	0.00014084
GO:0032809	0.00014084
GO:0097228	0.00014084
GO:0048188	0.00014084
GO:0043614	0.00014084
GO:0000172	0.00014084
GO:0035032	0.00013963
GO:0000243	0.00013963
GO:0033557	0.00013963
GO:0002080	0.00013843
GO:0005767	0.00013843
GO:0000940	0.00013843
GO:0120293	0.00013843
GO:0030057	0.00013723
GO:0009360	0.00013723
GO:0031332	0.00013602
GO:0051285	0.00013602
GO:0038201	0.00013482
GO:0005885	0.00013482
GO:1990063	0.00013482
GO:0009524	0.00013361
GO:0160111	0.00013361
GO:0061617	0.00013361
GO:0005922	0.00013361
GO:0071339	0.00013241
GO:0031083	0.00013241
GO:0005675	0.00013241
GO:0005797	0.00013121
GO:0005971	0.00013121
GO:0030992	0.00013121
GO:0032839	0.00013000
GO:0000779	0.00013000
GO:0000138	0.00013000
GO:0031262	0.00013000
GO:0098553	0.00012880
GO:0099524	0.00012880
GO:0010287	0.00012880
GO:0042601	0.00012880
GO:0099091	0.00012760
GO:0031941	0.00012760
GO:0032391	0.00012760
GO:0009527	0.00012760
GO:0030077	0.00012760
GO:0016471	0.00012760
GO:0008290	0.00012639
GO:0030660	0.00012639
GO:0034366	0.00012639
GO:0000815	0.00012639
GO:0030014	0.00012639
GO:0031080	0.00012639
GO:0031105	0.00012519
GO:0099086	0.00012519
GO:0009341	0.00012278
GO:0005858	0.00012158
GO:0008541	0.00012158
GO:0090571	0.00012158
GO:0043655	0.00012037
GO:0031430	0.00012037
GO:0034274	0.00012037
GO:0032039	0.00012037
GO:0043083	0.00011917
GO:0005700	0.00011917
GO:0035371	0.00011917
GO:1990023	0.00011917
GO:0005663	0.00011917
GO:0009707	0.00011797
GO:0005689	0.00011797
GO:0039621	0.00011797
GO:0017119	0.00011797
GO:0062039	0.00011676
GO:0090543	0.00011676
GO:0140220	0.00011676
GO:0072379	0.00011676
GO:0062040	0.00011556
GO:0000803	0.00011556
GO:0005854	0.00011556
GO:0000176	0.00011556
GO:0008278	0.00011556
GO:0016281	0.00011435
GO:0097542	0.00011435
GO:0031371	0.00011435
GO:0045273	0.00011435
GO:0000795	0.00011435
GO:0044166	0.00011315
GO:0035098	0.00011315
GO:0016327	0.00011315
GO:0150005	0.00011315
GO:0016442	0.00011195
GO:0044305	0.00011195
GO:0097038	0.00011195
GO:0005892	0.00011195
GO:0000137	0.00011195
GO:0098688	0.00011195
GO:0031010	0.00011195
GO:0001401	0.00011195
GO:0035578	0.00011074
GO:0035579	0.00011074
GO:0097487	0.00011074
GO:0005948	0.00011074
GO:0032279	0.00010954
GO:0072687	0.00010954
GO:0090741	0.00010954
GO:0032281	0.00010954
GO:0000782	0.00010954
GO:0043296	0.00010954
GO:0071162	0.00010954
GO:0072546	0.00010954
GO:0039618	0.00010954
GO:0030904	0.00010834
GO:0005652	0.00010834
GO:0005890	0.00010834
GO:0034663	0.00010834
GO:0009331	0.00010834
GO:0098992	0.00010713
GO:0000347	0.00010713
GO:0033162	0.00010713
GO:0045254	0.00010713
GO:0071256	0.00010713
GO:0009358	0.00010713
GO:0000439	0.00010713
GO:0000808	0.00010713
GO:0110085	0.00010593
GO:0031160	0.00010593
GO:0035145	0.00010593
GO:1902710	0.00010593
GO:0009501	0.00010472
GO:0009842	0.00010472
GO:0031234	0.00010472
GO:0099092	0.00010472
GO:0031471	0.00010472
GO:0044200	0.00010352
GO:0099243	0.00010352
GO:0031258	0.00010352
GO:0005786	0.00010352
GO:0031904	0.00010232
GO:0031674	0.00010232
GO:0016235	0.00010232
GO:0061696	0.00010232
GO:0002178	0.00010232
GO:0000811	0.00010232
GO:0005952	0.00010111
GO:0097470	0.00010111
GO:0001674	0.00010111
GO:0070419	0.00010111
GO:0030140	0.00009991
GO:0005790	0.00009871
GO:0031462	0.00009871
GO:0005828	0.00009871
GO:0030125	0.00009750
GO:0071819	0.00009750
GO:0072588	0.00009750
GO:0034719	0.00009750
GO:0016914	0.00009750
GO:0000153	0.00009630
GO:0005687	0.00009630
GO:0097449	0.00009510
GO:0032433	0.00009510
GO:0009514	0.00009510
GO:0061908	0.00009510
GO:0035838	0.00009389
GO:0022624	0.00009389
GO:0016581	0.00009389
GO:0090545	0.00009389
GO:0009350	0.00009389
GO:0005869	0.00009269
GO:0043194	0.00009269
GO:0045120	0.00009269
GO:0061700	0.00009269
GO:0030681	0.00009269
GO:0070821	0.00009148
GO:0031616	0.00009148
GO:0042405	0.00009148
GO:0072669	0.00009148
GO:0031414	0.00009148
GO:0106068	0.00009148
GO:0018444	0.00009148
GO:0000783	0.00009028
GO:0098015	0.00009028
GO:0016593	0.00009028
GO:0042613	0.00009028
GO:0031588	0.00008908
GO:0030669	0.00008908
GO:1990281	0.00008908
GO:0002177	0.00008908
GO:0098556	0.00008908
GO:0035102	0.00008908
GO:0030122	0.00008908
GO:0070775	0.00008908
GO:0097648	0.00008908
GO:0032009	0.00008787
GO:0042721	0.00008787
GO:1990498	0.00008787
GO:0042729	0.00008787
GO:0044168	0.00008787
GO:0005688	0.00008787
GO:1902711	0.00008787
GO:0042571	0.00008787
GO:0005846	0.00008787
GO:0036379	0.00008667
GO:0032133	0.00008667
GO:0030897	0.00008667
GO:0031672	0.00008667
GO:0005664	0.00008667
GO:0005677	0.00008547
GO:0042622	0.00008547
GO:0000220	0.00008547
GO:0043020	0.00008426
GO:0000242	0.00008426
GO:0008024	0.00008426
GO:0000313	0.00008426
GO:0070390	0.00008426
GO:0001405	0.00008426
GO:0045179	0.00008306
GO:0016586	0.00008306
GO:0016602	0.00008306
GO:0039625	0.00008306
GO:0071203	0.00008306
GO:0005861	0.00008306
GO:0098845	0.00008185
GO:0000935	0.00008185
GO:0090406	0.00008185
GO:0042589	0.00008185
GO:0042646	0.00008185
GO:0031932	0.00008185
GO:0060077	0.00008185
GO:0000120	0.00008185
GO:0031093	0.00008065
GO:0071546	0.00008065
GO:0031527	0.00008065
GO:0030867	0.00008065
GO:0033268	0.00008065
GO:0001518	0.00008065
GO:0033588	0.00008065
GO:1904090	0.00007824
GO:0036038	0.00007824
GO:0030015	0.00007824
GO:0031429	0.00007824
GO:0071986	0.00007824
GO:0031411	0.00007824
GO:0031251	0.00007824
GO:0097255	0.00007824
GO:0033018	0.00007704
GO:0044161	0.00007704
GO:0017059	0.00007704
GO:0044173	0.00007704
GO:0070531	0.00007584
GO:0031097	0.00007584
GO:0005761	0.00007584
GO:0042600	0.00007584
GO:0000939	0.00007463
GO:0035580	0.00007463
GO:0097440	0.00007463
GO:0097433	0.00007463
GO:0030137	0.00007463
GO:0045178	0.00007463
GO:0042644	0.00007463
GO:0070210	0.00007463
GO:0005956	0.00007463
GO:0071141	0.00007463
GO:0034715	0.00007463
GO:0044613	0.00007463
GO:0035577	0.00007343
GO:0099571	0.00007343
GO:0031464	0.00007343
GO:0101003	0.00007343
GO:0005933	0.00007343
GO:0034709	0.00007343
GO:0033503	0.00007343
GO:0035101	0.00007343
GO:0055120	0.00007222
GO:0005740	0.00007222
GO:0033553	0.00007222
GO:0042719	0.00007222
GO:0016461	0.00007102
GO:0020011	0.00007102
GO:0000835	0.00007102
GO:0062129	0.00007102
GO:0030915	0.00007102
GO:0033645	0.00007102
GO:0044192	0.00007102
GO:0098981	0.00006982
GO:0044322	0.00006982
GO:0033115	0.00006982
GO:0000328	0.00006982
GO:0005784	0.00006982
GO:0010369	0.00006982
GO:0044754	0.00006982
GO:0005583	0.00006982
GO:0012511	0.00006982
GO:0031241	0.00006982
GO:0098691	0.00006861
GO:0033391	0.00006861
GO:0034751	0.00006861
GO:0009361	0.00006861
GO:0030257	0.00006861
GO:0008622	0.00006861
GO:0044228	0.00006861
GO:1990130	0.00006861
GO:0097589	0.00006861
GO:0044169	0.00006741
GO:0032161	0.00006741
GO:0044615	0.00006741
GO:0070765	0.00006741
GO:0034657	0.00006741
GO:0099078	0.00006741
GO:0032426	0.00006741
GO:0090665	0.00006741
GO:0005656	0.00006741
GO:0036387	0.00006741
GO:0044201	0.00006741
GO:1904724	0.00006621
GO:0043034	0.00006621
GO:0036477	0.00006621
GO:0030121	0.00006621
GO:0030446	0.00006621
GO:1990071	0.00006621
GO:0002144	0.00006621
GO:0032591	0.00006500
GO:0000931	0.00006500
GO:0033106	0.00006500
GO:0000796	0.00006500
GO:0000813	0.00006500
GO:0120513	0.00006500
GO:0042599	0.00006380
GO:0031209	0.00006380
GO:0032010	0.00006380
GO:0005865	0.00006380
GO:0140268	0.00006380
GO:0140672	0.00006380
GO:0005850	0.00006380
GO:0097179	0.00006259
GO:0098021	0.00006259
GO:1990072	0.00006259
GO:0000800	0.00006259
GO:0000235	0.00006259
GO:0035658	0.00006259
GO:0005662	0.00006259
GO:0098024	0.00006259
GO:0009319	0.00006259
GO:0044614	0.00006259
GO:0000417	0.00006259
GO:0110146	0.00006259
GO:0005641	0.00006139
GO:0071565	0.00006139
GO:0005838	0.00006139
GO:0030115	0.00006139
GO:0032797	0.00006139
GO:0005853	0.00006139
GO:1990726	0.00006139
GO:0039626	0.00006139
GO:0031466	0.00006019
GO:0045334	0.00006019
GO:1990742	0.00006019
GO:0010009	0.00006019
GO:0030313	0.00006019
GO:0005955	0.00006019
GO:0036396	0.00006019
GO:0002116	0.00006019
GO:0034455	0.00006019
GO:0043256	0.00006019
GO:0010319	0.00005898
GO:0030132	0.00005898
GO:0034515	0.00005898
GO:0032584	0.00005898
GO:0033565	0.00005898
GO:0030673	0.00005778
GO:1990221	0.00005778
GO:0097180	0.00005778
GO:0120212	0.00005778
GO:0030877	0.00005778
GO:0016028	0.00005778
GO:1990454	0.00005778
GO:0008303	0.00005778
GO:0030096	0.00005778
GO:0033061	0.00005778
GO:0000445	0.00005658
GO:0061827	0.00005658
GO:1990060	0.00005658
GO:0098684	0.00005658
GO:0044292	0.00005658
GO:0043220	0.00005658
GO:0098850	0.00005658
GO:1990907	0.00005658
GO:1990531	0.00005658
GO:0034271	0.00005658
GO:0001741	0.00005658
GO:0140445	0.00005658
GO:0044194	0.00005658
GO:0098966	0.00005658
GO:0072357	0.00005658
GO:0044155	0.00005658
GO:0035253	0.00005537
GO:0044384	0.00005537
GO:0055028	0.00005537
GO:0097731	0.00005537
GO:0110001	0.00005537
GO:0034098	0.00005537
GO:0000346	0.00005537
GO:0000214	0.00005537
GO:0044224	0.00005537
GO:0032044	0.00005537
GO:0070578	0.00005417
GO:0048226	0.00005417
GO:0033270	0.00005417
GO:0030123	0.00005417
GO:0034272	0.00005417
GO:1902773	0.00005417
GO:0038037	0.00005417
GO:0030663	0.00005417
GO:0030870	0.00005417
GO:0005851	0.00005417
GO:0017146	0.00005417
GO:0032116	0.00005417
GO:1990140	0.00005417
GO:0030289	0.00005417
GO:0033263	0.00005417
GO:0030061	0.00005296
GO:0070552	0.00005296
GO:0098890	0.00005296
GO:0031931	0.00005296
GO:0005827	0.00005296
GO:0033698	0.00005296
GO:0090576	0.00005296
GO:0030689	0.00005296
GO:0005655	0.00005296
GO:0039679	0.00005296
GO:0035805	0.00005296
GO:0044186	0.00005296
GO:0098985	0.00005176
GO:0033095	0.00005176
GO:0035060	0.00005176
GO:0035974	0.00005176
GO:0042584	0.00005176
GO:0099617	0.00005176
GO:0001931	0.00005176
GO:0000836	0.00005176
GO:0031074	0.00005176
GO:0097504	0.00005176
GO:1990429	0.00005176
GO:0044204	0.00005176
GO:0031091	0.00005176
GO:0030694	0.00005176
GO:0060473	0.00005056
GO:0000326	0.00005056
GO:0098831	0.00005056
GO:0031390	0.00005056
GO:0000938	0.00005056
GO:0005859	0.00005056
GO:0098574	0.00004935
GO:0030445	0.00004935
GO:0036020	0.00004935
GO:0071564	0.00004935
GO:0097450	0.00004935
GO:0097136	0.00004935
GO:0039616	0.00004935
GO:0042583	0.00004935
GO:0042105	0.00004935
GO:0160112	0.00004935
GO:0000506	0.00004935
GO:0005658	0.00004935
GO:1990246	0.00004935
GO:0005672	0.00004935
GO:0000399	0.00004815
GO:0020005	0.00004815
GO:0033276	0.00004815
GO:0071818	0.00004815
GO:0106083	0.00004815
GO:0140737	0.00004815
GO:1990877	0.00004815
GO:0016600	0.00004815
GO:0016010	0.00004815
GO:0036128	0.00004815
GO:0071144	0.00004815
GO:0031515	0.00004815
GO:0020015	0.00004695
GO:0031934	0.00004695
GO:0099569	0.00004695
GO:0005835	0.00004695
GO:0160064	0.00004695
GO:0106094	0.00004695
GO:0031021	0.00004695
GO:0036157	0.00004695
GO:0071008	0.00004695
GO:0032777	0.00004695
GO:0043564	0.00004695
GO:0044284	0.00004695
GO:0005883	0.00004574
GO:0042581	0.00004574
GO:0044352	0.00004574
GO:0044354	0.00004574
GO:0032593	0.00004574
GO:0042382	0.00004574
GO:0022623	0.00004574
GO:0097165	0.00004574
GO:0043625	0.00004574
GO:0070876	0.00004574
GO:0030868	0.00004454
GO:0046695	0.00004454
GO:0098888	0.00004454
GO:0030130	0.00004454
GO:0044666	0.00004454
GO:0120200	0.00004454
GO:0089701	0.00004454
GO:1990508	0.00004454
GO:0034993	0.00004454
GO:0030991	0.00004454
GO:0072534	0.00004454
GO:0098637	0.00004454
GO:0009424	0.00004454
GO:0044545	0.00004454
GO:0071561	0.00004454
GO:0071598	0.00004333
GO:0031520	0.00004333
GO:0098871	0.00004333
GO:1905862	0.00004333
GO:0032783	0.00004333
GO:0035686	0.00004333
GO:0098025	0.00004333
GO:0000805	0.00004333
GO:0098807	0.00004333
GO:1990112	0.00004333
GO:0043240	0.00004333
GO:0016610	0.00004333
GO:0120095	0.00004213
GO:0098690	0.00004213
GO:0097268	0.00004213
GO:0005916	0.00004213
GO:0070652	0.00004213
GO:0005823	0.00004213
GO:0002199	0.00004213
GO:0031264	0.00004213
GO:0032807	0.00004213
GO:0044185	0.00004213
GO:1990529	0.00004213
GO:0005896	0.00004213
GO:0120115	0.00004213
GO:0097651	0.00004213
GO:0001535	0.00004213
GO:0033573	0.00004093
GO:0033010	0.00004093
GO:0140602	0.00004093
GO:0009504	0.00004093
GO:0043196	0.00004093
GO:0039623	0.00004093
GO:0001534	0.00004093
GO:0032421	0.00004093
GO:0005579	0.00004093
GO:0042564	0.00004093
GO:0005968	0.00004093
GO:0044796	0.00004093
GO:0043626	0.00004093
GO:1990909	0.00003972
GO:0030056	0.00003972
GO:1990062	0.00003972
GO:0005614	0.00003972
GO:0044193	0.00003972
GO:0039661	0.00003972
GO:0070985	0.00003972
GO:0030894	0.00003972
GO:0045495	0.00003972
GO:1904930	0.00003972
GO:0030893	0.00003972
GO:0045293	0.00003852
GO:0020003	0.00003852
GO:0045180	0.00003852
GO:0097524	0.00003852
GO:0060171	0.00003852
GO:0098837	0.00003852
GO:0005918	0.00003852
GO:0034464	0.00003852
GO:0033186	0.00003852
GO:0032437	0.00003852
GO:0020023	0.00003852
GO:0031979	0.00003852
GO:0000112	0.00003852
GO:0097452	0.00003852
GO:0016612	0.00003852
GO:0000814	0.00003852
GO:0042175	0.00003732
GO:0005757	0.00003732
GO:0043541	0.00003732
GO:0000923	0.00003732
GO:0031415	0.00003732
GO:0001527	0.00003732
GO:0042588	0.00003732
GO:0030874	0.00003732
GO:0120199	0.00003732
GO:0033172	0.00003732
GO:0009338	0.00003732
GO:0070187	0.00003611
GO:0000331	0.00003611
GO:0000142	0.00003611
GO:0070176	0.00003611
GO:0031981	0.00003611
GO:0008623	0.00003611
GO:0009509	0.00003611
GO:0033165	0.00003611
GO:0044569	0.00003611
GO:0071020	0.00003611
GO:0005577	0.00003491
GO:0071439	0.00003491
GO:0005915	0.00003491
GO:0036454	0.00003491
GO:0031164	0.00003491
GO:0014731	0.00003491
GO:0072559	0.00003491
GO:0072558	0.00003491
GO:0035631	0.00003491
GO:0071513	0.00003491
GO:0060091	0.00003491
GO:0097732	0.00003491
GO:1903439	0.00003491
GO:0046696	0.00003491
GO:0036056	0.00003491
GO:0036057	0.00003491
GO:0042765	0.00003491
GO:1990635	0.00003491
GO:0034456	0.00003491
GO:0071745	0.00003491
GO:0009375	0.00003491
GO:0005946	0.00003491
GO:0070852	0.00003370
GO:0000262	0.00003370
GO:0140288	0.00003370
GO:0048179	0.00003370
GO:0001939	0.00003370
GO:0020020	0.00003370
GO:0170014	0.00003370
GO:0097422	0.00003370
GO:0071682	0.00003370
GO:0032473	0.00003370
GO:0005703	0.00003370
GO:0036019	0.00003370
GO:0035517	0.00003370
GO:0044327	0.00003370
GO:1990578	0.00003370
GO:0110142	0.00003370
GO:0043659	0.00003370
GO:0009326	0.00003370
GO:1902503	0.00003370
GO:0030896	0.00003370
GO:0120330	0.00003370
GO:0035859	0.00003370
GO:0008247	0.00003370
GO:0098895	0.00003250
GO:0097197	0.00003250
GO:0070695	0.00003250
GO:0098843	0.00003250
GO:0060342	0.00003250
GO:0098826	0.00003250
GO:0044300	0.00003250
GO:0031422	0.00003250
GO:0001520	0.00003250
GO:0098536	0.00003250
GO:0044294	0.00003250
GO:0002079	0.00003250
GO:0055040	0.00003250
GO:1990111	0.00003250
GO:0030892	0.00003250
GO:0097208	0.00003130
GO:0031499	0.00003130
GO:0031092	0.00003130
GO:0030256	0.00003130
GO:0031391	0.00003130
GO:0070112	0.00003130
GO:0070118	0.00003130
GO:0042585	0.00003130
GO:0043660	0.00003130
GO:0070111	0.00003130
GO:0033583	0.00003130
GO:0016035	0.00003130
GO:0000444	0.00003130
GO:1990745	0.00003130
GO:0044157	0.00003130
GO:0032983	0.00003130
GO:0031417	0.00003130
GO:0016012	0.00003130
GO:0106143	0.00003130
GO:1990075	0.00003009
GO:0005619	0.00003009
GO:0097427	0.00003009
GO:0005766	0.00003009
GO:0042582	0.00003009
GO:0099115	0.00003009
GO:0070761	0.00003009
GO:0120103	0.00003009
GO:0043505	0.00003009
GO:0039713	0.00003009
GO:0031533	0.00003009
GO:0005726	0.00003009
GO:0071595	0.00003009
GO:0017071	0.00003009
GO:0032545	0.00003009
GO:0031465	0.00003009
GO:0034388	0.00003009
GO:0033100	0.00003009
GO:0045298	0.00003009
GO:0008074	0.00003009
GO:0005683	0.00003009
GO:0071001	0.00003009
GO:0044176	0.00003009
GO:0046581	0.00002889
GO:0099128	0.00002889
GO:0045169	0.00002889
GO:0150053	0.00002889
GO:0036513	0.00002889
GO:0032059	0.00002889
GO:0098830	0.00002889
GO:0001652	0.00002889
GO:0008385	0.00002889
GO:0070772	0.00002889
GO:0042824	0.00002889
GO:0070776	0.00002889
GO:0030112	0.00002889
GO:0045160	0.00002889
GO:0000148	0.00002889
GO:0044095	0.00002889
GO:0071547	0.00002889
GO:0043291	0.00002889
GO:0071204	0.00002889
GO:1990674	0.00002889
GO:0055087	0.00002889
GO:0034457	0.00002889
GO:0008352	0.00002889
GO:0034245	0.00002889
GO:0000127	0.00002889
GO:0005668	0.00002889
GO:0097014	0.00002769
GO:0001411	0.00002769
GO:0032311	0.00002769
GO:0035976	0.00002769
GO:1990712	0.00002769
GO:0030314	0.00002769
GO:0032126	0.00002769
GO:0019815	0.00002769
GO:0000839	0.00002769
GO:0097539	0.00002769
GO:0035867	0.00002769
GO:0000801	0.00002769
GO:0043684	0.00002769
GO:0032127	0.00002648
GO:0097227	0.00002648
GO:0033093	0.00002648
GO:0033597	0.00002648
GO:0001940	0.00002648
GO:0098898	0.00002648
GO:0071753	0.00002648
GO:1990879	0.00002648
GO:0005705	0.00002648
GO:0120044	0.00002648
GO:0032221	0.00002648
GO:0035748	0.00002648
GO:0097512	0.00002648
GO:0070937	0.00002648
GO:0033185	0.00002648
GO:1990423	0.00002648
GO:0070449	0.00002648
GO:0098635	0.00002648
GO:0071746	0.00002648
GO:0072487	0.00002648
GO:1990304	0.00002648
GO:0097505	0.00002648
GO:0031510	0.00002648
GO:0005674	0.00002648
GO:0033181	0.00002648
GO:0098666	0.00002528
GO:0061574	0.00002528
GO:1990357	0.00002528
GO:0120105	0.00002528
GO:0071817	0.00002528
GO:0099160	0.00002528
GO:0005958	0.00002528
GO:0098592	0.00002528
GO:0042603	0.00002528
GO:0097226	0.00002528
GO:0031254	0.00002528
GO:0099013	0.00002528
GO:0032997	0.00002528
GO:0043224	0.00002528
GO:0005727	0.00002528
GO:0071821	0.00002528
GO:0000419	0.00002528
GO:0034081	0.00002528
GO:0005927	0.00002528
GO:0070032	0.00002528
GO:0033101	0.00002528
GO:0098026	0.00002528
GO:0045025	0.00002528
GO:0090730	0.00002528
GO:0071261	0.00002528
GO:0000110	0.00002528
GO:1990604	0.00002528
GO:0042587	0.00002528
GO:0009421	0.00002528
GO:0032937	0.00002528
GO:0180019	0.00002528
GO:0098559	0.00002528
GO:0039622	0.00002528
GO:0070860	0.00002528
GO:0032301	0.00002528
GO:0005943	0.00002528
GO:0098944	0.00002407
GO:0098567	0.00002407
GO:0036156	0.00002407
GO:1990819	0.00002407
GO:0071957	0.00002407
GO:0016942	0.00002407
GO:0000144	0.00002407
GO:0016589	0.00002407
GO:0000126	0.00002407
GO:0072557	0.00002407
GO:0061174	0.00002407
GO:0048788	0.00002407
GO:0070274	0.00002407
GO:0043219	0.00002407
GO:0061673	0.00002407
GO:1902716	0.00002407
GO:0035189	0.00002407
GO:0031379	0.00002407
GO:0005584	0.00002407
GO:0039641	0.00002407
GO:0097441	0.00002407
GO:0101019	0.00002407
GO:0005965	0.00002407
GO:0005638	0.00002407
GO:0005964	0.00002407
GO:0030849	0.00002407
GO:0035632	0.00002407
GO:0031372	0.00002407
GO:0043203	0.00002287
GO:0140092	0.00002287
GO:0032280	0.00002287
GO:1990913	0.00002287
GO:1990816	0.00002287
GO:0072324	0.00002287
GO:0002142	0.00002287
GO:0009574	0.00002287
GO:0098892	0.00002287
GO:0008275	0.00002287
GO:0036449	0.00002287
GO:0000136	0.00002287
GO:0031416	0.00002287
GO:0110016	0.00002287
GO:1990070	0.00002287
GO:1990513	0.00002287
GO:0070691	0.00002287
GO:0017054	0.00002287
GO:0034967	0.00002287
GO:0002081	0.00002287
GO:0046729	0.00002287
GO:0140494	0.00002287
GO:0090619	0.00002287
GO:0035061	0.00002287
GO:1990923	0.00002287
GO:0031467	0.00002287
GO:0097025	0.00002287
GO:0098842	0.00002287
GO:0005953	0.00002287
GO:1990586	0.00002287
GO:0016591	0.00002287
GO:0071735	0.00002287
GO:0030906	0.00002287
GO:0033063	0.00002287
GO:0070044	0.00002287
GO:0098591	0.00002167
GO:0120104	0.00002167
GO:0034506	0.00002167
GO:0035749	0.00002167
GO:0061957	0.00002167
GO:0101004	0.00002167
GO:0070533	0.00002167
GO:0005642	0.00002167
GO:0043160	0.00002167
GO:0005621	0.00002167
GO:0031265	0.00002167
GO:0097134	0.00002167
GO:0005824	0.00002167
GO:0005848	0.00002167
GO:0020008	0.00002167
GO:0098642	0.00002167
GO:1990533	0.00002167
GO:0061474	0.00002167
GO:0033269	0.00002167
GO:0044096	0.00002167
GO:0032021	0.00002167
GO:0072380	0.00002167
GO:0030700	0.00002167
GO:0005899	0.00002167
GO:0048269	0.00002167
GO:0009325	0.00002167
GO:0070762	0.00002167
GO:0044611	0.00002167
GO:0030692	0.00002167
GO:0031472	0.00002167
GO:0008537	0.00002167
GO:0045172	0.00002046
GO:0043159	0.00002046
GO:0070685	0.00002046
GO:0034753	0.00002046
GO:0097169	0.00002046
GO:0014701	0.00002046
GO:0099147	0.00002046
GO:0009366	0.00002046
GO:0097543	0.00002046
GO:0030124	0.00002046
GO:0035003	0.00002046
GO:0097413	0.00002046
GO:0030891	0.00002046
GO:1990900	0.00002046
GO:0071341	0.00002046
GO:0002095	0.00002046
GO:0014802	0.00002046
GO:0097124	0.00002046
GO:0140720	0.00002046
GO:0043218	0.00002046
GO:0033309	0.00002046
GO:0071958	0.00002046
GO:0042406	0.00002046
GO:0030981	0.00002046
GO:0045098	0.00002046
GO:0032476	0.00002046
GO:0160157	0.00002046
GO:0070939	0.00002046
GO:0008091	0.00002046
GO:0071749	0.00002046
GO:0140221	0.00002046
GO:1990133	0.00002046
GO:0005785	0.00002046
GO:0032586	0.00002046
GO:0043245	0.00001926
GO:0090404	0.00001926
GO:0005704	0.00001926
GO:1990342	0.00001926
GO:0005822	0.00001926
GO:0120157	0.00001926
GO:0044326	0.00001926
GO:0070288	0.00001926
GO:0099020	0.00001926
GO:0097125	0.00001926
GO:0030907	0.00001926
GO:0031511	0.00001926
GO:0039714	0.00001926
GO:0038039	0.00001926
GO:0005760	0.00001926
GO:1990099	0.00001926
GO:1902737	0.00001926
GO:0044695	0.00001926
GO:0009431	0.00001926
GO:0005863	0.00001926
GO:0032798	0.00001926
GO:0042272	0.00001926
GO:0000418	0.00001926
GO:0031389	0.00001926
GO:0099154	0.00001806
GO:0061851	0.00001806
GO:0120219	0.00001806
GO:0005825	0.00001806
GO:0036195	0.00001806
GO:0110078	0.00001806
GO:1990385	0.00001806
GO:1990794	0.00001806
GO:1990589	0.00001806
GO:0031523	0.00001806
GO:0031906	0.00001806
GO:0090726	0.00001806
GO:0097575	0.00001806
GO:0070557	0.00001806
GO:0120099	0.00001806
GO:1904564	0.00001806
GO:0020009	0.00001806
GO:0045009	0.00001806
GO:0097443	0.00001806
GO:0005587	0.00001806
GO:0106002	0.00001806
GO:0097196	0.00001806
GO:0001739	0.00001806
GO:0017117	0.00001806
GO:1902687	0.00001806
GO:0070195	0.00001806
GO:0030678	0.00001806
GO:0071751	0.00001806
GO:0043511	0.00001806
GO:1902937	0.00001806
GO:0097362	0.00001806
GO:0090694	0.00001806
GO:1990753	0.00001806
GO:0071159	0.00001806
GO:0090724	0.00001685
GO:0046691	0.00001685
GO:1904511	0.00001685
GO:0030287	0.00001685
GO:0098894	0.00001685
GO:0043293	0.00001685
GO:0031089	0.00001685
GO:0005818	0.00001685
GO:1990537	0.00001685
GO:0031095	0.00001685
GO:0031436	0.00001685
GO:0061689	0.00001685
GO:0098683	0.00001685
GO:0099012	0.00001685
GO:0030690	0.00001685
GO:1902693	0.00001685
GO:0072517	0.00001685
GO:0071942	0.00001685
GO:0035363	0.00001685
GO:0033620	0.00001685
GO:0071664	0.00001685
GO:0097447	0.00001685
GO:0140275	0.00001685
GO:0031207	0.00001685
GO:0016007	0.00001685
GO:0097691	0.00001685
GO:0044530	0.00001685
GO:0005673	0.00001685
GO:0071953	0.00001685
GO:0043036	0.00001685
GO:0017177	0.00001685
GO:0017122	0.00001685
GO:0032389	0.00001685
GO:0005944	0.00001685
GO:0097519	0.00001685
GO:0033596	0.00001685
GO:0030895	0.00001565
GO:0097232	0.00001565
GO:0070724	0.00001565
GO:0005745	0.00001565
GO:0031315	0.00001565
GO:0097451	0.00001565
GO:0035841	0.00001565
GO:0071683	0.00001565
GO:0032173	0.00001565
GO:0098548	0.00001565
GO:1990393	0.00001565
GO:0097444	0.00001565
GO:0030478	0.00001565
GO:0005880	0.00001565
GO:0097733	0.00001565
GO:1990317	0.00001565
GO:0046536	0.00001565
GO:0098595	0.00001565
GO:0060102	0.00001565
GO:0031518	0.00001565
GO:0016533	0.00001565
GO:0098560	0.00001565
GO:0098835	0.00001565
GO:0097418	0.00001565
GO:0005592	0.00001565
GO:0034646	0.00001565
GO:0033105	0.00001565
GO:1990769	0.00001565
GO:0035230	0.00001565
GO:0034466	0.00001565
GO:0036186	0.00001565
GO:0140453	0.00001565
GO:0020018	0.00001565
GO:0070522	0.00001565
GO:0017109	0.00001565
GO:0000500	0.00001565
GO:0071797	0.00001565
GO:0016006	0.00001565
GO:0045242	0.00001565
GO:0042720	0.00001565
GO:0140007	0.00001565
GO:0097457	0.00001565
GO:0005954	0.00001565
GO:0034426	0.00001565
GO:0000333	0.00001565
GO:0120001	0.00001565
GO:0150048	0.00001444
GO:0008282	0.00001444
GO:1905202	0.00001444
GO:0030485	0.00001444
GO:0035840	0.00001444
GO:0120206	0.00001444
GO:0042629	0.00001444
GO:0036391	0.00001444
GO:0042567	0.00001444
GO:0010339	0.00001444
GO:0097632	0.00001444
GO:0019185	0.00001444
GO:0032449	0.00001444
GO:1903440	0.00001444
GO:0033150	0.00001444
GO:0070865	0.00001444
GO:0110158	0.00001444
GO:0097342	0.00001444
GO:0035692	0.00001444
GO:0031088	0.00001444
GO:0098046	0.00001444
GO:0036488	0.00001444
GO:0097356	0.00001444
GO:0061638	0.00001444
GO:0097728	0.00001444
GO:0106139	0.00001444
GO:0042566	0.00001444
GO:0120228	0.00001444
GO:0098804	0.00001444
GO:0000427	0.00001444
GO:0010598	0.00001444
GO:0001651	0.00001444
GO:0090661	0.00001444
GO:0000345	0.00001444
GO:0009426	0.00001444
GO:1990779	0.00001444
GO:0001740	0.00001444
GO:0098855	0.00001444
GO:0106037	0.00001444
GO:0043512	0.00001444
GO:0031094	0.00001444
GO:0034679	0.00001444
GO:0106333	0.00001444
GO:0017087	0.00001444
GO:0032302	0.00001444
GO:0140284	0.00001444
GO:0070701	0.00001444
GO:0099182	0.00001444
GO:0005690	0.00001444
GO:0030691	0.00001444
GO:0031502	0.00001444
GO:0033065	0.00001444
GO:1990131	0.00001444
GO:0034066	0.00001444
GO:1990584	0.00001444
GO:0060388	0.00001444
GO:1990812	0.00001324
GO:0044304	0.00001324
GO:0002141	0.00001324
GO:0002139	0.00001324
GO:0032174	0.00001324
GO:0098833	0.00001324
GO:0048237	0.00001324
GO:0044229	0.00001324
GO:0031313	0.00001324
GO:0017102	0.00001324
GO:0005950	0.00001324
GO:0150034	0.00001324
GO:0070310	0.00001324
GO:0097568	0.00001324
GO:0031905	0.00001324
GO:0016513	0.00001324
GO:0035361	0.00001324
GO:1990298	0.00001324
GO:0044609	0.00001324
GO:0070516	0.00001324
GO:0005937	0.00001324
GO:0000837	0.00001324
GO:0010005	0.00001324
GO:0031380	0.00001324
GO:0070110	0.00001324
GO:0005593	0.00001324
GO:1990682	0.00001324
GO:0071920	0.00001324
GO:0036502	0.00001324
GO:1903095	0.00001324
GO:0070877	0.00001324
GO:0060203	0.00001324
GO:0110103	0.00001324
GO:0031211	0.00001324
GO:0032998	0.00001324
GO:1990425	0.00001324
GO:0120508	0.00001324
GO:0043264	0.00001324
GO:0098654	0.00001324
GO:1990716	0.00001324
GO:0034685	0.00001324
GO:0160130	0.00001324
GO:0071563	0.00001324
GO:0046798	0.00001324
GO:0071021	0.00001324
GO:0098009	0.00001324
GO:0097347	0.00001324
GO:0000438	0.00001324
GO:1903767	0.00001324
GO:1903768	0.00001324
GO:0098027	0.00001324
GO:1990305	0.00001324
GO:1990303	0.00001324
GO:0044171	0.00001324
GO:0009329	0.00001204
GO:0098723	0.00001204
GO:0032047	0.00001204
GO:0001400	0.00001204
GO:0035618	0.00001204
GO:1990696	0.00001204
GO:0032176	0.00001204
GO:0035985	0.00001204
GO:0031673	0.00001204
GO:0070532	0.00001204
GO:0120510	0.00001204
GO:0097128	0.00001204
GO:0000308	0.00001204
GO:0033001	0.00001204
GO:0032160	0.00001204
GO:0031431	0.00001204
GO:0070319	0.00001204
GO:0009346	0.00001204
GO:0009840	0.00001204
GO:0009275	0.00001204
GO:0030526	0.00001204
GO:0016011	0.00001204
GO:0061202	0.00001204
GO:1904423	0.00001204
GO:1990251	0.00001204
GO:0044393	0.00001204
GO:1990917	0.00001204
GO:0032444	0.00001204
GO:0016587	0.00001204
GO:0044316	0.00001204
GO:0033111	0.00001204
GO:0097598	0.00001204
GO:0150051	0.00001204
GO:0002193	0.00001204
GO:1905721	0.00001204
GO:0071943	0.00001204
GO:0062157	0.00001204
GO:0030905	0.00001204
GO:0000802	0.00001204
GO:0002947	0.00001204
GO:1990184	0.00001083
GO:1904602	0.00001083
GO:0098665	0.00001083
GO:0016507	0.00001083
GO:0033011	0.00001083
GO:0140671	0.00001083
GO:0070820	0.00001083
GO:0032578	0.00001083
GO:0044307	0.00001083
GO:0061496	0.00001083
GO:0061497	0.00001083
GO:0085042	0.00001083
GO:0035619	0.00001083
GO:0012510	0.00001083
GO:0099079	0.00001083
GO:0030875	0.00001083
GO:0005889	0.00001083
GO:0020016	0.00001083
GO:0010168	0.00001083
GO:0036409	0.00001083
GO:1990306	0.00001083
GO:0062167	0.00001083
GO:0031475	0.00001083
GO:1903143	0.00001083
GO:0009503	0.00001083
GO:0044299	0.00001083
GO:0097129	0.00001083
GO:0061499	0.00001083
GO:1990565	0.00001083
GO:0033163	0.00001083
GO:0061803	0.00001083
GO:0070033	0.00001083
GO:1990452	0.00001083
GO:1903958	0.00001083
GO:0009533	0.00001083
GO:1990078	0.00001083
GO:0039715	0.00001083
GO:0120281	0.00001083
GO:0099544	0.00001083
GO:0009530	0.00001083
GO:0045251	0.00001083
GO:0016027	0.00001083
GO:0120102	0.00001083
GO:1990851	0.00001083
GO:0030998	0.00001083
GO:0070743	0.00001083
GO:0043509	0.00001083
GO:0048180	0.00001083
GO:0043661	0.00001083
GO:1903503	0.00001083
GO:1990501	0.00001083
GO:0042565	0.00001083
GO:0097513	0.00001083
GO:0016222	0.00001083
GO:0070418	0.00001083
GO:0044099	0.00001083
GO:0061773	0.00001083
GO:0032936	0.00001083
GO:0033254	0.00001083
GO:0070505	0.00000963
GO:0097233	0.00000963
GO:0031004	0.00000963
GO:0061836	0.00000963
GO:0090637	0.00000963
GO:0090636	0.00000963
GO:0070056	0.00000963
GO:0043076	0.00000963
GO:0032177	0.00000963
GO:0099070	0.00000963
GO:0044599	0.00000963
GO:0034360	0.00000963
GO:0140599	0.00000963
GO:0090534	0.00000963
GO:1990622	0.00000963
GO:1990617	0.00000963
GO:1990037	0.00000963
GO:0033110	0.00000963
GO:0034673	0.00000963
GO:0097138	0.00000963
GO:1901588	0.00000963
GO:0034044	0.00000963
GO:0033256	0.00000963
GO:0034099	0.00000963
GO:0110092	0.00000963
GO:1990406	0.00000963
GO:0042764	0.00000963
GO:0061793	0.00000963
GO:1902636	0.00000963
GO:0071755	0.00000963
GO:0036266	0.00000963
GO:0031260	0.00000963
GO:0097545	0.00000963
GO:0070451	0.00000963
GO:1990526	0.00000963
GO:1990527	0.00000963
GO:0070369	0.00000963
GO:0031972	0.00000963
GO:0009529	0.00000963
GO:0035796	0.00000963
GO:0090651	0.00000963
GO:0098745	0.00000963
GO:0160167	0.00000963
GO:0044308	0.00000963
GO:0150002	0.00000963
GO:1990453	0.00000963
GO:1990467	0.00000963
GO:1990964	0.00000963
GO:0036375	0.00000963
GO:0070687	0.00000963
GO:1902712	0.00000963
GO:0031680	0.00000963
GO:1990788	0.00000963
GO:0038038	0.00000963
GO:0031019	0.00000963
GO:0120259	0.00000963
GO:0120231	0.00000963
GO:0031084	0.00000963
GO:0072536	0.00000963
GO:0071742	0.00000963
GO:0071754	0.00000963
GO:0043514	0.00000963
GO:0034666	0.00000963
GO:0034683	0.00000963
GO:1990566	0.00000963
GO:1903103	0.00000963
GO:0016939	0.00000963
GO:1990666	0.00000963
GO:0110143	0.00000963
GO:0044753	0.00000963
GO:0062073	0.00000963
GO:1990195	0.00000963
GO:0120216	0.00000963
GO:0031942	0.00000963
GO:0035657	0.00000963
GO:0035525	0.00000963
GO:0055039	0.00000963
GO:0140552	0.00000963
GO:0090733	0.00000963
GO:0033104	0.00000963
GO:0070381	0.00000843
GO:0043668	0.00000843
GO:0098965	0.00000843
GO:0060417	0.00000843
GO:1990030	0.00000843
GO:1990665	0.00000843
GO:1990667	0.00000843
GO:0034750	0.00000843
GO:0036284	0.00000843
GO:0097203	0.00000843
GO:0140738	0.00000843
GO:0048189	0.00000843
GO:1990590	0.00000843
GO:0070916	0.00000843
GO:0000133	0.00000843
GO:0070693	0.00000843
GO:0005602	0.00000843
GO:0150001	0.00000843
GO:0071212	0.00000843
GO:0097486	0.00000843
GO:0097130	0.00000843
GO:0120098	0.00000843
GO:1990647	0.00000843
GO:0036457	0.00000843
GO:0005729	0.00000843
GO:0010330	0.00000843
GO:0098561	0.00000843
GO:0099631	0.00000843
GO:0097059	0.00000843
GO:0097453	0.00000843
GO:1990015	0.00000843
GO:0005585	0.00000843
GO:0005588	0.00000843
GO:0005594	0.00000843
GO:0032019	0.00000843
GO:0009923	0.00000843
GO:0005920	0.00000843
GO:0032478	0.00000843
GO:0044203	0.00000843
GO:1990468	0.00000843
GO:0097149	0.00000843
GO:0034668	0.00000843
GO:0097013	0.00000843
GO:0045283	0.00000843
GO:0062091	0.00000843
GO:0043033	0.00000843
GO:0016935	0.00000843
GO:0120097	0.00000843
GO:0035868	0.00000843
GO:1990528	0.00000843
GO:0036117	0.00000843
GO:0035839	0.00000843
GO:0071756	0.00000843
GO:0009569	0.00000843
GO:0070442	0.00000843
GO:0034686	0.00000843
GO:0035866	0.00000843
GO:0071193	0.00000843
GO:1990433	0.00000843
GO:0005608	0.00000843
GO:0005610	0.00000843
GO:0043259	0.00000843
GO:1990724	0.00000843
GO:0097442	0.00000843
GO:0009344	0.00000843
GO:1990730	0.00000843
GO:0042825	0.00000843
GO:0009547	0.00000843
GO:0070021	0.00000843
GO:0000111	0.00000843
GO:1903865	0.00000843
GO:0120336	0.00000843
GO:0120338	0.00000843
GO:1990660	0.00000843
GO:0098594	0.00000843
GO:0034974	0.00000843
GO:0071142	0.00000843
GO:0035355	0.00000843
GO:0005862	0.00000843
GO:0140596	0.00000843
GO:0043597	0.00000843
GO:1905742	0.00000722
GO:0097209	0.00000722
GO:0000113	0.00000722
GO:0070436	0.00000722
GO:0043078	0.00000722
GO:0097229	0.00000722
GO:0030142	0.00000722
GO:0034365	0.00000722
GO:0170047	0.00000722
GO:0070725	0.00000722
GO:0062049	0.00000722
GO:0180022	0.00000722
GO:0014801	0.00000722
GO:0070867	0.00000722
GO:0097629	0.00000722
GO:0045170	0.00000722
GO:0090535	0.00000722
GO:0099021	0.00000722
GO:1990143	0.00000722
GO:0005914	0.00000722
GO:0150058	0.00000722
GO:0009517	0.00000722
GO:0097123	0.00000722
GO:0097122	0.00000722
GO:0097131	0.00000722
GO:0097135	0.00000722
GO:0002944	0.00000722
GO:0042106	0.00000722
GO:0032151	0.00000722
GO:0000936	0.00000722
GO:0071521	0.00000722
GO:0000806	0.00000722
GO:0020004	0.00000722
GO:0034992	0.00000722
GO:1903754	0.00000722
GO:0043494	0.00000722
GO:0033551	0.00000722
GO:0008230	0.00000722
GO:0070692	0.00000722
GO:0097574	0.00000722
GO:0030093	0.00000722
GO:1990520	0.00000722
GO:0061176	0.00000722
GO:0010445	0.00000722
GO:0098891	0.00000722
GO:1990427	0.00000722
GO:0009390	0.00000722
GO:0099073	0.00000722
GO:0160110	0.00000722
GO:0060053	0.00000722
GO:0038143	0.00000722
GO:0061852	0.00000722
GO:1990630	0.00000722
GO:0043540	0.00000722
GO:0097078	0.00000722
GO:0019034	0.00000722
GO:0097541	0.00000722
GO:0032144	0.00000722
GO:0071254	0.00000722
GO:0140240	0.00000722
GO:0044222	0.00000722
GO:0070823	0.00000722
GO:0005712	0.00000722
GO:1905379	0.00000722
GO:0042022	0.00000722
GO:0070992	0.00000722
GO:0071750	0.00000722
GO:0071738	0.00000722
GO:0034777	0.00000722
GO:1990524	0.00000722
GO:0099629	0.00000722
GO:0034665	0.00000722
GO:0034674	0.00000722
GO:0016456	0.00000722
GO:0009531	0.00000722
GO:0005606	0.00000722
GO:0036398	0.00000722
GO:0036286	0.00000722
GO:0005731	0.00000722
GO:0097373	0.00000722
GO:1990026	0.00000722
GO:0062201	0.00000722
GO:0005713	0.00000722
GO:0060293	0.00000722
GO:0036501	0.00000722
GO:0031250	0.00000722
GO:1990265	0.00000722
GO:0061779	0.00000722
GO:0043253	0.00000722
GO:0061694	0.00000722
GO:1904176	0.00000722
GO:1990860	0.00000722
GO:1990477	0.00000722
GO:0071914	0.00000722
GO:1990676	0.00000722
GO:0000311	0.00000722
GO:1990675	0.00000722
GO:0045244	0.00000722
GO:0031317	0.00000722
GO:0042807	0.00000722
GO:0043528	0.00000722
GO:1902500	0.00000722
GO:0002197	0.00000722
GO:0120106	0.00000602
GO:0071133	0.00000602
GO:0031521	0.00000602
GO:0140497	0.00000602
GO:0072563	0.00000602
GO:0031232	0.00000602
GO:0098975	0.00000602
GO:1903269	0.00000602
GO:0061826	0.00000602
GO:0035059	0.00000602
GO:1990032	0.00000602
GO:0098572	0.00000602
GO:0097597	0.00000602
GO:1990005	0.00000602
GO:0097145	0.00000602
GO:0016590	0.00000602
GO:0002096	0.00000602
GO:0031395	0.00000602
GO:0044301	0.00000602
GO:0031476	0.00000602
GO:0031477	0.00000602
GO:0062151	0.00000602
GO:0036021	0.00000602
GO:0097133	0.00000602
GO:0032175	0.00000602
GO:0032152	0.00000602
GO:0032169	0.00000602
GO:0030869	0.00000602
GO:0120171	0.00000602
GO:0033016	0.00000602
GO:0180028	0.00000602
GO:0070824	0.00000602
GO:1990711	0.00000602
GO:1990512	0.00000602
GO:0044697	0.00000602
GO:0009336	0.00000602
GO:1990597	0.00000602
GO:0034973	0.00000602
GO:1990104	0.00000602
GO:0030990	0.00000602
GO:0031213	0.00000602
GO:1990158	0.00000602
GO:1990159	0.00000602
GO:0031240	0.00000602
GO:0043846	0.00000602
GO:0160045	0.00000602
GO:0120043	0.00000602
GO:0033113	0.00000602
GO:1990315	0.00000602
GO:0097471	0.00000602
GO:0097057	0.00000602
GO:0005701	0.00000602
GO:0140266	0.00000602
GO:0031085	0.00000602
GO:1990836	0.00000602
GO:0071748	0.00000602
GO:0005900	0.00000602
GO:0005780	0.00000602
GO:0070721	0.00000602
GO:0034667	0.00000602
GO:0034677	0.00000602
GO:0034682	0.00000602
GO:0016938	0.00000602
GO:0110070	0.00000602
GO:1902912	0.00000602
GO:0061576	0.00000602
GO:0043662	0.00000602
GO:0062137	0.00000602
GO:0070443	0.00000602
GO:0010370	0.00000602
GO:1990728	0.00000602
GO:0017090	0.00000602
GO:0044317	0.00000602
GO:0002133	0.00000602
GO:0120507	0.00000602
GO:0070083	0.00000602
GO:0033768	0.00000602
GO:0170027	0.00000602
GO:0043594	0.00000602
GO:0140225	0.00000602
GO:0035354	0.00000602
GO:1990047	0.00000602
GO:1990761	0.00000481
GO:0046861	0.00000481
GO:0009575	0.00000481
GO:0097002	0.00000481
GO:0032178	0.00000481
GO:0044158	0.00000481
GO:0034270	0.00000481
GO:0034359	0.00000481
GO:0110115	0.00000481
GO:1990295	0.00000481
GO:0097144	0.00000481
GO:0090536	0.00000481
GO:0033257	0.00000481
GO:0070090	0.00000481
GO:1990334	0.00000481
GO:0035997	0.00000481
GO:0033593	0.00000481
GO:0036063	0.00000481
GO:0061493	0.00000481
GO:0098922	0.00000481
GO:0098674	0.00000481
GO:0046806	0.00000481
GO:0042718	0.00000481
GO:0002945	0.00000481
GO:0090537	0.00000481
GO:0000817	0.00000481
GO:0061838	0.00000481
GO:1990718	0.00000481
GO:0009433	0.00000481
GO:0120107	0.00000481
GO:0010007	0.00000481
GO:0035301	0.00000481
GO:0031592	0.00000481
GO:0070732	0.00000481
GO:0097058	0.00000481
GO:0140593	0.00000481
GO:0061802	0.00000481
GO:0043595	0.00000481
GO:1990567	0.00000481
GO:0046858	0.00000481
GO:0106069	0.00000481
GO:0070250	0.00000481
GO:0099573	0.00000481
GO:1990389	0.00000481
GO:0031257	0.00000481
GO:0140472	0.00000481
GO:0061177	0.00000481
GO:0043680	0.00000481
GO:0072589	0.00000481
GO:0016013	0.00000481
GO:1990160	0.00000481
GO:0097204	0.00000481
GO:0070864	0.00000481
GO:0036410	0.00000481
GO:0106093	0.00000481
GO:1990971	0.00000481
GO:1990061	0.00000481
GO:0020036	0.00000481
GO:1905754	0.00000481
GO:0097482	0.00000481
GO:0036062	0.00000481
GO:0009419	0.00000481
GO:0035324	0.00000481
GO:0035183	0.00000481
GO:0099192	0.00000481
GO:0034718	0.00000481
GO:1904269	0.00000481
GO:0098999	0.00000481
GO:1990350	0.00000481
GO:0009334	0.00000481
GO:0033102	0.00000481
GO:0000446	0.00000481
GO:0032002	0.00000481
GO:0045092	0.00000481
GO:0042568	0.00000481
GO:0071752	0.00000481
GO:1990677	0.00000481
GO:0034680	0.00000481
GO:0034681	0.00000481
GO:0034675	0.00000481
GO:0034688	0.00000481
GO:0034684	0.00000481
GO:0034689	0.00000481
GO:1990031	0.00000481
GO:0071196	0.00000481
GO:0044289	0.00000481
GO:0005873	0.00000481
GO:1990811	0.00000481
GO:0005607	0.00000481
GO:0033193	0.00000481
GO:0005616	0.00000481
GO:0062092	0.00000481
GO:0120282	0.00000481
GO:1990154	0.00000481
GO:0097047	0.00000481
GO:0005919	0.00000481
GO:1902929	0.00000481
GO:0099164	0.00000481
GO:1990972	0.00000481
GO:1990664	0.00000481
GO:0098983	0.00000481
GO:0062077	0.00000481
GO:0045253	0.00000481
GO:0071665	0.00000481
GO:0031910	0.00000481
GO:0120125	0.00000481
GO:0044160	0.00000481
GO:0062242	0.00000481
GO:0062243	0.00000481
GO:1990723	0.00000481
GO:1990662	0.00000481
GO:0120249	0.00000481
GO:0012508	0.00000481
GO:0052718	0.00000481
GO:0061927	0.00000481
GO:0043493	0.00000481
GO:0044188	0.00000481
GO:1902517	0.00000481
GO:0150006	0.00000481
GO:1902501	0.00000481
GO:0034424	0.00000481
GO:0042735	0.00000361
GO:0033097	0.00000361
GO:0044225	0.00000361
GO:0120202	0.00000361
GO:0140615	0.00000361
GO:0120220	0.00000361
GO:0099143	0.00000361
GO:0030486	0.00000361
GO:0033099	0.00000361
GO:0033167	0.00000361
GO:0030958	0.00000361
GO:0110131	0.00000361
GO:0097454	0.00000361
GO:1990727	0.00000361
GO:1905720	0.00000361
GO:0035323	0.00000361
GO:1990620	0.00000361
GO:0048555	0.00000361
GO:0061825	0.00000361
GO:0032195	0.00000361
GO:0061831	0.00000361
GO:0061828	0.00000361
GO:0090725	0.00000361
GO:0120082	0.00000361
GO:0016029	0.00000361
GO:0097658	0.00000361
GO:0120149	0.00000361
GO:0061846	0.00000361
GO:0061845	0.00000361
GO:0060987	0.00000361
GO:1990713	0.00000361
GO:1990861	0.00000361
GO:1990191	0.00000361
GO:1990615	0.00000361
GO:0150056	0.00000361
GO:0150057	0.00000361
GO:0020007	0.00000361
GO:0097740	0.00000361
GO:0046727	0.00000361
GO:0014804	0.00000361
GO:0089713	0.00000361
GO:0061671	0.00000361
GO:0036053	0.00000361
GO:1990333	0.00000361
GO:0061822	0.00000361
GO:0000934	0.00000361
GO:0031897	0.00000361
GO:0009841	0.00000361
GO:0005586	0.00000361
GO:0005589	0.00000361
GO:0062155	0.00000361
GO:0098846	0.00000361
GO:0043592	0.00000361
GO:1990469	0.00000361
GO:0043223	0.00000361
GO:0031259	0.00000361
GO:0160051	0.00000361
GO:0120155	0.00000361
GO:0034423	0.00000361
GO:1990103	0.00000361
GO:0009365	0.00000361
GO:0016014	0.00000361
GO:0044776	0.00000361
GO:0098527	0.00000361
GO:0098844	0.00000361
GO:0044199	0.00000361
GO:1990796	0.00000361
GO:0075341	0.00000361
GO:0070211	0.00000361
GO:0120119	0.00000361
GO:0070435	0.00000361
GO:1903349	0.00000361
GO:0017133	0.00000361
GO:0097414	0.00000361
GO:0097409	0.00000361
GO:1990038	0.00000361
GO:0097462	0.00000361
GO:0097221	0.00000361
GO:0020026	0.00000361
GO:1990587	0.00000361
GO:0160055	0.00000361
GO:0070258	0.00000361
GO:0009339	0.00000361
GO:0010170	0.00000361
GO:0043263	0.00000361
GO:0032398	0.00000361
GO:0035693	0.00000361
GO:0098577	0.00000361
GO:0000838	0.00000361
GO:0044207	0.00000361
GO:0043513	0.00000361
GO:0036437	0.00000361
GO:0120124	0.00000361
GO:0097181	0.00000361
GO:0097182	0.00000361
GO:0097183	0.00000361
GO:0036029	0.00000361
GO:0036030	0.00000361
GO:0036026	0.00000361
GO:0036027	0.00000361
GO:0036028	0.00000361
GO:0036025	0.00000361
GO:0036024	0.00000361
GO:1990330	0.00000361
GO:0010368	0.00000361
GO:0034669	0.00000361
GO:0071062	0.00000361
GO:0034687	0.00000361
GO:0044302	0.00000361
GO:0005872	0.00000361
GO:0070618	0.00000361
GO:0043260	0.00000361
GO:0043257	0.00000361
GO:0106234	0.00000361
GO:0061742	0.00000361
GO:0043663	0.00000361
GO:0043658	0.00000361
GO:0098875	0.00000361
GO:1990196	0.00000361
GO:0120003	0.00000361
GO:1990706	0.00000361
GO:0034064	0.00000361
GO:1990197	0.00000361
GO:1902509	0.00000361
GO:0070057	0.00000361
GO:0009418	0.00000361
GO:0005715	0.00000361
GO:0062128	0.00000361
GO:0070702	0.00000361
GO:0070703	0.00000361
GO:0070648	0.00000361
GO:0097518	0.00000361
GO:1990435	0.00000361
GO:0035649	0.00000361
GO:0106098	0.00000361
GO:0044799	0.00000361
GO:1990780	0.00000361
GO:0044612	0.00000361
GO:0070826	0.00000361
GO:0034592	0.00000361
GO:0070088	0.00000361
GO:0009921	0.00000361
GO:1990222	0.00000361
GO:0070645	0.00000361
GO:0060201	0.00000361
GO:0009355	0.00000361
GO:0110157	0.00000361
GO:0090658	0.00000361
GO:0033291	0.00000361
GO:0000312	0.00000361
GO:0010282	0.00000361
GO:0033255	0.00000361
GO:0031205	0.00000361
GO:0005895	0.00000361
GO:0034693	0.00000361
GO:1990231	0.00000361
GO:0034492	0.00000361
GO:0009345	0.00000361
GO:0019812	0.00000361
GO:1990572	0.00000361
GO:0098954	0.00000361
GO:1990150	0.00000361
GO:0016613	0.00000361
GO:1990621	0.00000361
GO:1990462	0.00000361
GO:0048225	0.00000241
GO:0097234	0.00000241
GO:0098897	0.00000241
GO:0009321	0.00000241
GO:0034752	0.00000241
GO:0070850	0.00000241
GO:0110067	0.00000241
GO:0046862	0.00000241
GO:0098541	0.00000241
GO:0098539	0.00000241
GO:0061850	0.00000241
GO:0061832	0.00000241
GO:0061830	0.00000241
GO:1905759	0.00000241
GO:1990530	0.00000241
GO:1990243	0.00000241
GO:0106084	0.00000241
GO:0032996	0.00000241
GO:0140261	0.00000241
GO:1990862	0.00000241
GO:1990193	0.00000241
GO:0106103	0.00000241
GO:0061175	0.00000241
GO:0098017	0.00000241
GO:0098022	0.00000241
GO:0160074	0.00000241
GO:0061993	0.00000241
GO:0097121	0.00000241
GO:0032168	0.00000241
GO:0097132	0.00000241
GO:0005601	0.00000241
GO:0055044	0.00000241
GO:0090395	0.00000241
GO:0070912	0.00000241
GO:0036411	0.00000241
GO:0005599	0.00000241
GO:0005595	0.00000241
GO:0031002	0.00000241
GO:0060111	0.00000241
GO:0060107	0.00000241
GO:0070554	0.00000241
GO:0033118	0.00000241
GO:0008231	0.00000241
GO:0034083	0.00000241
GO:0031255	0.00000241
GO:0009515	0.00000241
GO:0071597	0.00000241
GO:0160056	0.00000241
GO:0055051	0.00000241
GO:0034494	0.00000241
GO:0009333	0.00000241
GO:1990722	0.00000241
GO:1990178	0.00000241
GO:0070913	0.00000241
GO:1990102	0.00000241
GO:1990101	0.00000241
GO:1990084	0.00000241
GO:1990082	0.00000241
GO:1990100	0.00000241
GO:1990156	0.00000241
GO:1990085	0.00000241
GO:0061672	0.00000241
GO:0120135	0.00000241
GO:0044816	0.00000241
GO:0061829	0.00000241
GO:0008232	0.00000241
GO:0005969	0.00000241
GO:0097489	0.00000241
GO:0043599	0.00000241
GO:0020039	0.00000241
GO:1990332	0.00000241
GO:0120504	0.00000241
GO:0061841	0.00000241
GO:0031421	0.00000241
GO:0035182	0.00000241
GO:0009511	0.00000241
GO:1990588	0.00000241
GO:0043188	0.00000241
GO:0034730	0.00000241
GO:0009513	0.00000241
GO:0031026	0.00000241
GO:0009342	0.00000241
GO:1904856	0.00000241
GO:0098998	0.00000241
GO:0106033	0.00000241
GO:0033203	0.00000241
GO:0043601	0.00000241
GO:0031039	0.00000241
GO:0097495	0.00000241
GO:0009382	0.00000241
GO:1990826	0.00000241
GO:1990633	0.00000241
GO:0042827	0.00000241
GO:0085039	0.00000241
GO:0071744	0.00000241
GO:1990177	0.00000241
GO:0005893	0.00000241
GO:0062074	0.00000241
GO:0036436	0.00000241
GO:1990329	0.00000241
GO:0034678	0.00000241
GO:1990612	0.00000241
GO:0010006	0.00000241
GO:0140224	0.00000241
GO:0099400	0.00000241
GO:0070263	0.00000241
GO:0062071	0.00000241
GO:0106186	0.00000241
GO:0097591	0.00000241
GO:0097593	0.00000241
GO:0097592	0.00000241
GO:0140595	0.00000241
GO:0032390	0.00000241
GO:0097587	0.00000241
GO:0106055	0.00000241
GO:0036362	0.00000241
GO:0120101	0.00000241
GO:0150014	0.00000241
GO:1904144	0.00000241
GO:0098733	0.00000241
GO:0042642	0.00000241
GO:0014705	0.00000241
GO:0140512	0.00000241
GO:1990876	0.00000241
GO:0089716	0.00000241
GO:1990377	0.00000241
GO:0098029	0.00000241
GO:0009356	0.00000241
GO:0009340	0.00000241
GO:0019910	0.00000241
GO:0090695	0.00000241
GO:0043667	0.00000241
GO:0120234	0.00000241
GO:0097556	0.00000241
GO:0097558	0.00000241
GO:0097557	0.00000241
GO:0097559	0.00000241
GO:0044311	0.00000241
GO:0097582	0.00000241
GO:0097583	0.00000241
GO:0097584	0.00000241
GO:0097585	0.00000241
GO:0097586	0.00000241
GO:0099616	0.00000241
GO:0140690	0.00000241
GO:0031595	0.00000241
GO:0097515	0.00000241
GO:0035062	0.00000241
GO:0032992	0.00000241
GO:0060418	0.00000241
GO:0044647	0.00000241
GO:1990225	0.00000241
GO:1903144	0.00000241
GO:0110071	0.00000241
GO:1990328	0.00000241
GO:0120337	0.00000241
GO:1990463	0.00000241
GO:0098853	0.00000241
GO:0099189	0.00000241
GO:0005725	0.00000241
GO:0044568	0.00000241
GO:0097710	0.00000241
GO:1902508	0.00000241
GO:1904852	0.00000241
GO:0120500	0.00000241
GO:0120123	0.00000241
GO:0071065	0.00000241
GO:1990871	0.00000241
GO:0020022	0.00000241
GO:0160005	0.00000241
GO:0090689	0.00000241
GO:0000943	0.00000241
GO:0106003	0.00000120
GO:0032163	0.00000120
GO:0032158	0.00000120
GO:0044187	0.00000120
GO:0048556	0.00000120
GO:0061917	0.00000120
GO:1990027	0.00000120
GO:0061834	0.00000120
GO:0061835	0.00000120
GO:1990941	0.00000120
GO:1990235	0.00000120
GO:0097141	0.00000120
GO:0097140	0.00000120
GO:0070931	0.00000120
GO:0009516	0.00000120
GO:0120280	0.00000120
GO:0060109	0.00000120
GO:0097570	0.00000120
GO:1990257	0.00000120
GO:0033098	0.00000120
GO:0033774	0.00000120
GO:0097467	0.00000120
GO:0044280	0.00000120
GO:0140634	0.00000120
GO:0009783	0.00000120
GO:0005631	0.00000120
GO:0031562	0.00000120
GO:0120205	0.00000120
GO:0097540	0.00000120
GO:0001536	0.00000120
GO:0035996	0.00000120
GO:0009551	0.00000120
GO:0097218	0.00000120
GO:0090577	0.00000120
GO:0090397	0.00000120
GO:0005590	0.00000120
GO:0005591	0.00000120
GO:0009930	0.00000120
GO:0030936	0.00000120
GO:0005600	0.00000120
GO:0005596	0.00000120
GO:0090732	0.00000120
GO:0005582	0.00000120
GO:0005597	0.00000120
GO:0071601	0.00000120
GO:1990324	0.00000120
GO:0060106	0.00000120
GO:0106095	0.00000120
GO:0072493	0.00000120
GO:0120238	0.00000120
GO:1990148	0.00000120
GO:0070421	0.00000120
GO:0060108	0.00000120
GO:1990065	0.00000120
GO:0120134	0.00000120
GO:1990574	0.00000120
GO:0032117	0.00000120
GO:1990207	0.00000120
GO:0044538	0.00000120
GO:0030128	0.00000120
GO:0032579	0.00000120
GO:0034060	0.00000120
GO:0009578	0.00000120
GO:0000330	0.00000120
GO:0034495	0.00000120
GO:0120026	0.00000120
GO:0044383	0.00000120
GO:0097426	0.00000120
GO:0097594	0.00000120
GO:0030929	0.00000120
GO:0030931	0.00000120
GO:0070622	0.00000120
GO:1990008	0.00000120
GO:0098023	0.00000120
GO:0036087	0.00000120
GO:0033009	0.00000120
GO:0002111	0.00000120
GO:1990121	0.00000120
GO:1990331	0.00000120
GO:1904974	0.00000120
GO:0098575	0.00000120
GO:0005898	0.00000120
GO:0071757	0.00000120
GO:0140222	0.00000120
GO:1990916	0.00000120
GO:0034676	0.00000120
GO:0010169	0.00000120
GO:0035842	0.00000120
GO:0030993	0.00000120
GO:0032165	0.00000120
GO:0005633	0.00000120
GO:0140511	0.00000120
GO:0009782	0.00000120
GO:0097445	0.00000120
GO:0044841	0.00000120
GO:0062136	0.00000120
GO:0038045	0.00000120
GO:0043656	0.00000120
GO:1905760	0.00000120
GO:0039627	0.00000120
GO:0039629	0.00000120
GO:0110145	0.00000120
GO:1990198	0.00000120
GO:1990199	0.00000120
GO:1990710	0.00000120
GO:0070514	0.00000120
GO:0044195	0.00000120
GO:0070825	0.00000120
GO:0070686	0.00000120
GO:0150017	0.00000120
GO:0042385	0.00000120
GO:1990875	0.00000120
GO:0046859	0.00000120
GO:0090498	0.00000120
GO:0098547	0.00000120
GO:0005723	0.00000120
GO:0039642	0.00000120
GO:0033114	0.00000120
GO:0009537	0.00000120
GO:0000327	0.00000120
GO:1902556	0.00000120
GO:0035808	0.00000120
GO:1902671	0.00000120
GO:0097554	0.00000120
GO:1902677	0.00000120
GO:0097560	0.00000120
GO:1902673	0.00000120
GO:1902675	0.00000120
GO:1902672	0.00000120
GO:0097555	0.00000120
GO:1902678	0.00000120
GO:0097561	0.00000120
GO:1902674	0.00000120
GO:1902676	0.00000120
GO:0034493	0.00000120
GO:0039720	0.00000120
GO:0043678	0.00000120
GO:0030095	0.00000120
GO:0062160	0.00000120
GO:0031912	0.00000120
GO:0043600	0.00000120
GO:0005632	0.00000120
GO:0034591	0.00000120
GO:0090688	0.00000120
GO:1990795	0.00000120
GO:0061823	0.00000120
GO:0005691	0.00000120
GO:0036012	0.00000120
GO:0150050	0.00000120
GO:1990097	0.00000120
GO:0097456	0.00000120
GO:0140715	0.00000120
GO:0071666	0.00000120
GO:0039662	0.00000120
GO:0046611	0.00000120
GO:0005821	0.00000120
GO:0044777	0.00000120
GO:1990201	0.00000120
GO:1990202	0.00000120
GO:1990252	0.00000120
GO:0097311	0.00000120
GO:1990205	0.00000120
GO:0045323	0.00000120
GO:0097619	0.00000120
GO:0043674	0.00000120
GO:1902515	0.00000120
GO:0062116	0.00000120
GO:0046809	0.00000120
GO:0044303	0.00000120
GO:0097189	0.00000120
GO:0048353	0.00000120
GO:0090512	0.00000120
GO:0140622	0.00000120
GO:0043593	0.00000120
